kab,minggu_ke,tahun,pekan,forecast
Kabupaten Banyuasin,1,2026,40,0.9164
Kabupaten Banyuasin,2,2026,41,0.9164
Kabupaten Banyuasin,3,2026,42,0.9164
Kabupaten Banyuasin,4,2026,43,0.9164
Kabupaten Banyuasin,5,2026,44,0.9164
Kabupaten Banyuasin,6,2026,45,0.9164
Kabupaten Banyuasin,7,2026,46,0.9164
Kabupaten Banyuasin,8,2026,47,0.9164
Kabupaten Empat Lawang,1,2026,40,0.0836
Kabupaten Empat Lawang,2,2026,41,0.0836
Kabupaten Empat Lawang,3,2026,42,0.0836
Kabupaten Empat Lawang,4,2026,43,0.0836
Kabupaten Empat Lawang,5,2026,44,0.0836
Kabupaten Empat Lawang,6,2026,45,0.0836
Kabupaten Empat Lawang,7,2026,46,0.0836
Kabupaten Empat Lawang,8,2026,47,0.0836
Kabupaten Lahat,1,2026,40,0.0244
Kabupaten Lahat,2,2026,41,0.0244
Kabupaten Lahat,3,2026,42,0.0244
Kabupaten Lahat,4,2026,43,0.0244
Kabupaten Lahat,5,2026,44,0.0244
Kabupaten Lahat,6,2026,45,0.0244
Kabupaten Lahat,7,2026,46,0.0244
Kabupaten Lahat,8,2026,47,0.0244
Kabupaten Muara Enim,1,2026,40,0.4181
Kabupaten Muara Enim,2,2026,41,0.4181
Kabupaten Muara Enim,3,2026,42,0.4181
Kabupaten Muara Enim,4,2026,43,0.4181
Kabupaten Muara Enim,5,2026,44,0.4181
Kabupaten Muara Enim,6,2026,45,0.4181
Kabupaten Muara Enim,7,2026,46,0.4181
Kabupaten Muara Enim,8,2026,47,0.4181
Kabupaten Muba,1,2026,40,0.1472
Kabupaten Muba,2,2026,41,0.1472
Kabupaten Muba,3,2026,42,0.1472
Kabupaten Muba,4,2026,43,0.1472
Kabupaten Muba,5,2026,44,0.1472
Kabupaten Muba,6,2026,45,0.1472
Kabupaten Muba,7,2026,46,0.1472
Kabupaten Muba,8,2026,47,0.1472
Kabupaten Muratara,1,2026,40,0.0368
Kabupaten Muratara,2,2026,41,0.0368
Kabupaten Muratara,3,2026,42,0.0368
Kabupaten Muratara,4,2026,43,0.0368
Kabupaten Muratara,5,2026,44,0.0368
Kabupaten Muratara,6,2026,45,0.0368
Kabupaten Muratara,7,2026,46,0.0368
Kabupaten Muratara,8,2026,47,0.0368
Kabupaten Musi Rawas,1,2026,40,0.0502
Kabupaten Musi Rawas,2,2026,41,0.0502
Kabupaten Musi Rawas,3,2026,42,0.0502
Kabupaten Musi Rawas,4,2026,43,0.0502
Kabupaten Musi Rawas,5,2026,44,0.0502
Kabupaten Musi Rawas,6,2026,45,0.0502
Kabupaten Musi Rawas,7,2026,46,0.0502
Kabupaten Musi Rawas,8,2026,47,0.0502
Kabupaten OKU Selatan,1,2026,40,0.0004
Kabupaten OKU Selatan,2,2026,41,0.0004
Kabupaten OKU Selatan,3,2026,42,0.0004
Kabupaten OKU Selatan,4,2026,43,0.0004
Kabupaten OKU Selatan,5,2026,44,0.0004
Kabupaten OKU Selatan,6,2026,45,0.0004
Kabupaten OKU Selatan,7,2026,46,0.0004
Kabupaten OKU Selatan,8,2026,47,0.0004
Kabupaten OKU Timur,1,2026,40,0.3177
Kabupaten OKU Timur,2,2026,41,0.3177
Kabupaten OKU Timur,3,2026,42,0.3177
Kabupaten OKU Timur,4,2026,43,0.3177
Kabupaten OKU Timur,5,2026,44,0.3177
Kabupaten OKU Timur,6,2026,45,0.3177
Kabupaten OKU Timur,7,2026,46,0.3177
Kabupaten OKU Timur,8,2026,47,0.3177
Kabupaten Ogan Ilir,1,2026,40,0.0301
Kabupaten Ogan Ilir,2,2026,41,0.0301
Kabupaten Ogan Ilir,3,2026,42,0.0301
Kabupaten Ogan Ilir,4,2026,43,0.0301
Kabupaten Ogan Ilir,5,2026,44,0.0301
Kabupaten Ogan Ilir,6,2026,45,0.0301
Kabupaten Ogan Ilir,7,2026,46,0.0301
Kabupaten Ogan Ilir,8,2026,47,0.0301
Kabupaten Ogan Komering Ilir,1,2026,40,0.0
Kabupaten Ogan Komering Ilir,2,2026,41,0.0
Kabupaten Ogan Komering Ilir,3,2026,42,0.0
Kabupaten Ogan Komering Ilir,4,2026,43,0.0
Kabupaten Ogan Komering Ilir,5,2026,44,0.0
Kabupaten Ogan Komering Ilir,6,2026,45,0.0
Kabupaten Ogan Komering Ilir,7,2026,46,0.0
Kabupaten Ogan Komering Ilir,8,2026,47,0.0
Kabupaten Ogan Komering Ulu,1,2026,40,0.0535
Kabupaten Ogan Komering Ulu,2,2026,41,0.0535
Kabupaten Ogan Komering Ulu,3,2026,42,0.0535
Kabupaten Ogan Komering Ulu,4,2026,43,0.0535
Kabupaten Ogan Komering Ulu,5,2026,44,0.0535
Kabupaten Ogan Komering Ulu,6,2026,45,0.0535
Kabupaten Ogan Komering Ulu,7,2026,46,0.0535
Kabupaten Ogan Komering Ulu,8,2026,47,0.0535
Kabupaten PALI,1,2026,40,0.2463
Kabupaten PALI,2,2026,41,0.2463
Kabupaten PALI,3,2026,42,0.2463
Kabupaten PALI,4,2026,43,0.2463
Kabupaten PALI,5,2026,44,0.2463
Kabupaten PALI,6,2026,45,0.2463
Kabupaten PALI,7,2026,46,0.2463
Kabupaten PALI,8,2026,47,0.2463
Kota Lubuk Linggau,1,2026,40,0.0301
Kota Lubuk Linggau,2,2026,41,0.0301
Kota Lubuk Linggau,3,2026,42,0.0301
Kota Lubuk Linggau,4,2026,43,0.0301
Kota Lubuk Linggau,5,2026,44,0.0301
Kota Lubuk Linggau,6,2026,45,0.0301
Kota Lubuk Linggau,7,2026,46,0.0301
Kota Lubuk Linggau,8,2026,47,0.0301
Kota Pagar Alam,1,2026,40,0.0
Kota Pagar Alam,2,2026,41,0.0
Kota Pagar Alam,3,2026,42,0.0
Kota Pagar Alam,4,2026,43,0.0
Kota Pagar Alam,5,2026,44,0.0
Kota Pagar Alam,6,2026,45,0.0
Kota Pagar Alam,7,2026,46,0.0
Kota Pagar Alam,8,2026,47,0.0
Kota Palembang,1,2026,40,0.3445
Kota Palembang,2,2026,41,0.3445
Kota Palembang,3,2026,42,0.3445
Kota Palembang,4,2026,43,0.3445
Kota Palembang,5,2026,44,0.3445
Kota Palembang,6,2026,45,0.3445
Kota Palembang,7,2026,46,0.3445
Kota Palembang,8,2026,47,0.3445
Kota Prabumulih,1,2026,40,0.0268
Kota Prabumulih,2,2026,41,0.0268
Kota Prabumulih,3,2026,42,0.0268
Kota Prabumulih,4,2026,43,0.0268
Kota Prabumulih,5,2026,44,0.0268
Kota Prabumulih,6,2026,45,0.0268
Kota Prabumulih,7,2026,46,0.0268
Kota Prabumulih,8,2026,47,0.0268
