kab,n,n_train,n_test,alpha_train,MAE_test,RMSE_test,MSE_test,total_kasus,pct_nol,alpha_full
Kabupaten Banyuasin,299,239,60,0.0,1.0376,1.5308,2.3432,274,93.0,0.0
Kabupaten Empat Lawang,299,239,60,0.0,0.1046,0.1046,0.0109,25,99.0,0.0
Kabupaten Lahat,299,239,60,0.0,0.0753,0.0753,0.0057,18,97.3,0.009797
Kabupaten Muara Enim,299,239,60,0.0,0.6976,1.1929,1.4231,125,89.3,0.0
Kabupaten Muba,299,239,60,0.0,0.2044,0.2495,0.0623,44,92.6,0.0
Kabupaten Muratara,299,239,60,0.0,0.046,0.046,0.0021,11,99.3,0.0
Kabupaten Musi Rawas,299,239,60,0.0,0.0628,0.0628,0.0039,15,97.7,0.0
Kabupaten OKU Selatan,299,239,60,0.0,0.0167,0.0167,0.0003,4,99.3,0.019964
Kabupaten OKU Timur,299,239,60,0.0,0.3975,0.3975,0.158,95,95.3,0.0
Kabupaten Ogan Ilir,299,239,60,0.0,0.0862,0.3619,0.131,9,97.7,0.0
Kabupaten Ogan Komering Ilir,299,239,60,0.213624,0.0,0.0,0.0,23,98.3,0.213624
Kabupaten Ogan Komering Ulu,299,239,60,0.0,0.088,0.1813,0.0329,16,96.7,0.0
Kabupaten PALI,299,239,60,0.0,0.7824,0.7824,0.6122,187,99.0,0.008927
Kota Lubuk Linggau,299,239,60,0.0,0.049,0.1291,0.0167,9,97.3,0.0
Kota Pagar Alam,299,239,60,0.0,0.0,0.0,0.0,0,100.0,0.0
Kota Palembang,299,239,60,0.0,0.5763,0.8435,0.7115,103,86.3,0.0
Kota Prabumulih,299,239,60,0.0,0.0695,0.2858,0.0817,8,99.0,0.0
